period,hot,cold
1760,2.8,70.2
1780,4.95,76.2
1800,4.4,75.45
1820,4.3,73.35
1840,3.2,91.95
1860,5.75,83.3
1880,3.7,84.65
1900,2.95,70.75
1920,6.633333333333333,79.48333333333333
1940,6.6,79.8125
1960,5.99,80.38
1980,8.09,87.2
2000,15.209999999999999,75.28999999999999
2020,9.714285714285714,41.017857142857146
